Name,Company,Job Title,Posted,Public Email,Post URL
"","","QA Engineer","2m","nishant.s@vailexa.com",""
"Alinn Fernández • 3rd+","","","22m","a3.fernandez@praxisglobe.com.es",""
"Vikas P. • 2nd","","","28m","vikas.p@voltoconsulting.com",""
"Mai Anh Nguyễn • 3rd+","","QA ENGINEER","31m","anhnm@nimbus-soft.com",""
"ruzail gondane • 3rd+","","Software Tester","45m","ruzal@freemindsolutions.com",""
"ruzail gondane • 3rd+","","Software Tester","45m","vasila@freemindsolutions.com",""
"chintakuntla Nandini • 3rd+","","QA Engineer","52m","nandini.c@constelli.com",""
"","","QA Engineer","52m","elena@tretait.com",""
"","developers, business analysts, product owners, and stakeholders to resolve quality","SDET","52m","alisa@tretait.com",""
"","CyberJobs360","MANUAL TESTER","1h","m.elangovan@cyient.com",""
"","CyberJobs360","Test Engineer","1h","priti.jadhav@tgw-group.com",""
"","","SDET","1h","sravya@anveta.com",""
"","CyberJobs360","QA Engineer","1h","ilavarapu.pravallika@testunity.com",""
"Mohit Kumar • 2nd","","","1h","mohit@resource-logistics.com",""
"","","QA Engineer","1h","meghana.j@testyantra.com",""
"Ravikiran A. • 2nd","","Manual Tester","2h","ravikiran@msysinc.com",""
"Fernanda Soares • 3rd+","AI tools and identifying quality risks, recurring failures, and coverage gaps","QA Engineer","2h","internacional@veronezirh.com.br",""
"","","QA Analyst","2h","tara@datavernus.com",""
"Vani Jaladanki • 3rd+","","QA Analyst","2h","vani@cloudncluster.com",""
"Kishore B • 2nd","","QA Engineer","2h","job.egypt@minerets.com",""
"Himanshu Negi • 2nd","","Quality Engineer","2h","hnegi@prismagicinc.com",""
"Anjali Asthana • 3rd+","","Test Engineer","2h","anjali@technology-next.com",""
"Sunny Banyal • 3rd+","","","2h","sunny@mascotservices.com",""
"","","","2h","sarathchandra@srilakshmitech.net",""
"Muhammad Uzair • 3rd+","Web Application Penetration Testers Bytei360","","2h","uzair@ahutechnologies.com",""
"Priya Vinitha Rajan • 2nd","Follow VachiLabs Innovations Pvt. Ltd.","","2h","shivani.m@vachilabs.com","https://www.linkedin.com/feed/update/urn:li:share:7511409396464115713/?lipi=urn%3Ali%3Apage%3Ad_flagship3_search_srp_content%3BlgQpsbxMQWe%2FbYT9tHfmeQ%3D%3D"
"","","QA Engineer","2h","srikanth.m@denkensolutions.com",""
"","VMR Technologies","Quality Engineer","3h","srikanth@vmrtechnologies.com",""
"Sharla Khan • 3rd+","Playwright or AI-assisted test automation","","3h","careers@designdistrict.digital",""
"","","","3h","shubham.tiwari@sourceinfotech.com",""
"Sree Valli • 2nd","the JAMS vendor on product defects, performance","","3h","ksree@businessintelli.com",""
"","","QA Analyst","3h","vamsi@cloudncluster.com",""
"","","SDET","3h","vijendra.singh@pioneeritconsulting.com",""
"Pallabi Modak • 3rd+","Zencon Group Inc.","Quality Engineer","3h","pallabi.modak@zencongroup.com",""
"Amrutha vemuluri • 2nd","Duxforce","","3h","amrutha@duxforce.com",""
"S Adithyan • 2nd","","","3h","adithyan.s@testyantra.com",""
